id,name,prizes,is_kuji,need_fetch,addedDate
49606446896,Ichiban Kuji Last one Dragon Ball VS Omnibus Ultimate // อิจิบัง คุจิ ดราก้อนบอล ลาสวัน,LO,kuji,YES,2026-06-24
27525733581,[พรีออเดอร์/PreOrder✅🇯🇵]: Ichiban Kuji Dragon ball EX Goku Training Edition ดราก้อนบอล งานจับฉลาก,A D C Last one E B,kuji,YES,2026-06-24
41029040028,"[พรีออเดอร์] Ichiban Kuji ""Digimon"" Series -Collision of Light and Darkness- / ดิจิม่อน อิจิบัง คุจิ",LO A B,kuji,YES,2026-06-24
50356639195,"[พรีออเดอร์] Ichiban Kuji ""That Dress-Up Doll Falls in Love"" Season 2 // หนุ่มเย็บผ้ากับสาวนักคอสเ",A LO,kuji,YES,2026-06-24
50206654322,"[พรีออเดอร์] Ichiban Kuji - Arya-san, the girl next door who sometimes whispers in Russian // อาเรีย",A LO,kuji,YES,2026-06-24
51456748969,[พรีออเดอร์] Ichiban Kuji 3rd Year Class Z Ginpachi Sensei ~Youth in the Lottery Style is Here!~ // กินทามะ,A B C LO,kuji,YES,2026-06-24
50956844451,"[พรีออเดอร์] Ichiban Kuji Anime ""Bocchi the Rock!"" VOLUME 4 // อิจิบัง คุจิ งานรางวัล",C B A LO D,kuji,YES,2026-06-24
53056751729,[พรีออเดอร์] Ichiban Kuji BLEACH Stirring Souls vol.3 // อิจิบัง คุจิ บลีช เทพมรณะ,C LO A B,kuji,YES,2026-06-24
41800589986,[พรีออเดอร์] Ichiban Kuji Baki ~The world can be changed with one fist~ บากิ,B A LASTONE,kuji,YES,2026-06-24
50506603158,[พรีออเดอร์] Ichiban Kuji Blue Lock : Day off | งานรางวัล คุกฟ้า ขังดวลแข้ง บลูล็อค,C Last one A B,kuji,YES,2026-06-24
51756662469,[พรีออเดอร์] Ichiban Kuji Blue Lock Proof of Existence // บลูล็อค อิจิบัง คุจิ คุกฟ้า,A B C,kuji,YES,2026-06-24
29339788269,[พรีออเดอร์] Ichiban Kuji Crayon Shin-chan ~I'm Full~ | งานรางวัล ชินจัง,F White F Blue D A B F Black C E Dish,kuji,YES,2026-06-24
51556662145,[พรีออเดอร์] Ichiban Kuji Dandadan ~Occultic Battle Begins!~ // ดาดาดัน,LO A,kuji,YES,2026-06-24
48856739408,[พรีออเดอร์] Ichiban Kuji Demon Slayer: The Successor // เดม่อน ดาบพิฆาตอสูร อิจิบัง คุจิ,C LO A B,kuji,YES,2026-06-24
45306442231,[พรีออเดอร์] Ichiban Kuji Dragon Ball SNAP COLLECTION 2 // อิจิบัง คุจิ ดราก้อนบอล,D C B A LO,kuji,YES,2026-06-24
49756664462,[พรีออเดอร์] Ichiban Kuji Fate/Grand Order ~Celebrity Summer Experience & Archetype Inception~,B C LO A,kuji,YES,2026-06-24
53356745456,[พรีออเดอร์] Ichiban Kuji Goddess of Victory: NIKKE CHAPTER5 // อิจิบัง คุจิ,B LO A,kuji,YES,2026-06-24
48106771880,[พรีออเดอร์] Ichiban Kuji Godzilla Monster Dance Wild Things // อิจิบัง คุจิ ก็อดซิลล่า,B A D LO C,kuji,YES,2026-06-24
40063736078,[พรีออเดอร์] Ichiban Kuji Haikyu! : Road to the Nationals | งานรางวัล ไฮคิว,LO C A B,kuji,YES,2026-06-24
43678990721,[พรีออเดอร์] Ichiban Kuji Haikyu!! -The Strongest Challenger- // อิจิบัง คุจิ ไฮคิว,LO A B C,kuji,YES,2026-06-24
46456755364,[พรีออเดอร์] Ichiban Kuji Honkai: Star Rail Vol.2 // อิจิบัง คุจิ,LO A B C,kuji,YES,2026-06-24
50656861986,[พรีออเดอร์] Ichiban Kuji Idolmaster Shiny Colors Lolita Collection // ไอดอลมาสเตอร์ อิจิบัง คุจิ,A LO,kuji,YES,2026-06-24
52356755972,[พรีออเดอร์] Ichiban Kuji Idolmaster Shiny Colors Midnight Secret Party // อิจิบัง คุจิ ไอดอล มาสเตอร์,A LO,kuji,YES,2026-06-24
47356780698,[พรีออเดอร์] Ichiban Kuji JoJo's Bizarre Adventure -THE★JOJO WORLD- // อิจิบัง คุจิ โจโจ้,C LO F A B E D,kuji,YES,2026-06-24
45256628041,[พรีออเดอร์] Ichiban Kuji JoJo's Bizarre Adventure STARDUST CRUSADERS โจโจ้ ล่าข้ามศตวรรษ,A Last one F D C E B,kuji,YES,2026-06-24
51206849910,[พรีออเดอร์] Ichiban Kuji JoJo's Bizarre Adventure Stardust Crusaders -STAND RUSH!- // อิจิบัง คุจิ โจโจ้,E A LO C D B,kuji,YES,2026-06-24
49006759453,[พรีออเดอร์] Ichiban Kuji Kaiju No. 8 2nd Edition // ไคจู หมายเลข 8 อิจิบัง คุจิ,A B LO,kuji,YES,2026-06-24
29488922987,[พรีออเดอร์] Ichiban Kuji Kaiju No.8 1st Edition | งานรางวัล ไคจู หมายเลข 8,B A LO,kuji,YES,2026-06-24
42466908968,[พรีออเดอร์] Ichiban Kuji Kamen Rider Kuuga : Back to A New Legend | งานรางวัล มาสค์ไรเดอร์ คาเมนไรเดอร์,B C D A LO,kuji,YES,2026-06-24
50406851818,[พรีออเดอร์] Ichiban Kuji Kamen Rider Zetts & Kamen Rider Gab // อิจิบัง คุจิ คาเมน ไรเดอร์,E B LO A D C,kuji,YES,2026-06-24
40678991811,[พรีออเดอร์] Ichiban Kuji LAWSON ~50th Anniversary~ // อิจิบัง คุจิ ลอว์สัน,LO A B,kuji,YES,2026-06-24
46906885643,"[พรีออเดอร์] Ichiban Kuji Movie ""The Quintessential Quintuplets"" ~Secret Ride-along~ // อิจิบัง คุจิ แฝดห้า",A LO,kuji,YES,2026-06-24
49556753289,[พรีออเดอร์] Ichiban Kuji NARUTO - Land of Waves // นารูโตะ อิจิบัง คุจิ,LO A B C,kuji,YES,2026-06-24
43179041826,[พรีออเดอร์] Ichiban Kuji New Mobile Report Gundam Wing 30th Anniversary // อิจิบัง คุจิ กันดั้ม,B LO A,kuji,YES,2026-06-24
45656872645,[พรีออเดอร์] Ichiban Kuji NieR:Automata Ver1.1a -Glory to Humanity- // อิจิบัง คุจิ,B C LO A,kuji,YES,2026-06-24
51206477637,[พรีออเดอร์] Ichiban Kuji One Piece - The Throne of Power // อิจิบัง คุจิ วันพีช,D C LO A B E,kuji,YES,2026-06-24
44478911250,[พรีออเดอร์] Ichiban Kuji One Piece Dramatic Memories // อิจิบัง คุจิ วันพีช,C Last one A B,kuji,YES,2026-06-24
50606851051,[พรีออเดอร์] Ichiban Kuji One Piece Memory of Heroines -Devil's Night- // อิจิบัง คุจิ วันพีช,D A B C LO,kuji,YES,2026-06-24
52206477897,[พรีออเดอร์] Ichiban Kuji One Piece Miraijima Egg Head ~ Thoughts for You ~ // อิจิบัง คุจิ วันพีช,LO F มี4แบบ แจ้งในแชท B A D C,kuji,YES,2026-06-24
40678903967,[พรีออเดอร์] Ichiban Kuji One Piece ROAD TO DAWN - The Path to Adventure - // อิจิบัง คุจิ วันพีช,C A B D LO,kuji,YES,2026-06-24
28344320719,[พรีออเดอร์] Ichiban Kuji One Piece The Unbreakable Law // อิจิบัง คุจิ วันพีช,E B D A LO C,kuji,YES,2026-06-24
44000527996,[พรีออเดอร์] Ichiban Kuji One Piece: Beyond the Trials ของแท้จากญี่ปุ่น! 🇯🇵 วันพีช,C A Last One E D B,kuji,YES,2026-06-24
40929029594,[พรีออเดอร์] Ichiban Kuji PreCure ~Forever Hearts!~ // พริตตี้เคียว พรีเคียว อิจิบัง คุจิ,B LO A,kuji,YES,2026-06-24
43079024592,[พรีออเดอร์] Ichiban Kuji SAKAMOTO DAYS vol.3 // อิจิบัง คุจิ ซากาโมโตะ เดย์,C LO B D A,kuji,YES,2026-06-24
43079095349,[พรีออเดอร์] Ichiban Kuji School Idolmaster Part 2 // อิจิบัง คุจิ ไอดอลมาสเตอร์,C LO A B,kuji,YES,2026-06-24
50556855619,[พรีออเดอร์] Ichiban Kuji School Idolmaster Part 3 // อิจิบัง คุจิ ไอดอลมาสเตอร์,C LO A B,kuji,YES,2026-06-24
52906633801,[พรีออเดอร์] Ichiban Kuji School Idolmaster Part 4 // อิจิบัง คุจิ ไอดอล มาสเตอร์,A B C LO,kuji,YES,2026-06-24
52956639883,[พรีออเดอร์] Ichiban Kuji Snow Miku ~SNOW MIKU ALL STARS~ // อิจิบัง คุจิ มิกุ,A LO,kuji,YES,2026-06-24
47056772542,[พรีออเดอร์] Ichiban Kuji Stranger Things Unknown World Vol.2 // อิจิบัง คุจิ,A B LO,kuji,YES,2026-06-24
47356685902,"[พรีออเดอร์] Ichiban Kuji TV Anime ""Dandadan"" ~Invading the Cursed House!~ // ดาดาดัน",A B LO,kuji,YES,2026-06-24
45056668486,[พรีออเดอร์] Ichiban Kuji The Great Cats War ~Let's all play Peri-Peri together~ // ศึกแห่งแมว,A B LO,kuji,YES,2026-06-24
41729088622,[พรีออเดอร์] Ichiban Kuji The Quintessential Quintuplets * ~With Love from the Quintuplets~ // อิจิบัง คุจิ แฝดห้า,E D A B C,kuji,YES,2026-06-24
46056619756,[พรีออเดอร์] Ichiban Kuji Ultraman Zero ~Beyond the STARS~ | งานรางวัล อุลตร้าแมน ซีโร่,E A Last one D B C,kuji,YES,2026-06-24
41879095662,[พรีออเดอร์] Ichiban Kuji Uma Musume Pretty Derby 11th Edition // สาวม้า อิจิบัง คุจิ,C LO A B,kuji,YES,2026-06-24
46406880305,[พรีออเดอร์] Ichiban Kuji Uma Musume Pretty Derby 12th Edition // สาวม้า อิจิบัง คุจิ,B LO A,kuji,YES,2026-06-24
42778996261,[พรีออเดอร์] Ichiban Kuji WIND BREAKER -The Town Hero and the Festival- // นักเลงผู้พิทักษ์,A B LO,kuji,YES,2026-06-24
41379005547,[พรีออเดอร์] Ichiban Kuji Yu-Gi-Oh! Series vol.4 Three Mythical Gods Manifestation // ยูกิโอ,A B C Last one,kuji,YES,2026-06-24
53506724571,[พรีออเดอร์] Ichiban kuji DEMON SLAYER: KIMETSU NO YAIBA: Pillar Training // ดาบพิฆาตอสูร เดม่อน,A B C LO,kuji,YES,2026-06-24
45656755169,[พรีออเดอร์] Ichiban kuji DEMON SLAYER: Yaiba ~Let's go to the swordsmith village~ // ดาบพิฆาตอสูร,C LO A B,kuji,YES,2026-06-24
46506739987,[พรีออเดอร์] Ichibankuji DEMON SLAYER: Kimetsu no Yaiba - Bonds of Fate 2 // ดาบพิฆาตอสูร,B C LO A,kuji,YES,2026-06-24
24648010270,[พรีออเดอร์] Ichibankuji DEMON SLAYER: The Village of Swordsmiths Revealed // ดาบพิฆาตอสูร,C A LO D B,kuji,YES,2026-06-24
42656292026,[พรีออเดอร์]:  Ichiban Kuji: Rurouni Kenshin – Meiji Swordsman Romantic Story เคนชิน งานจับฉลาก,B Last one A,kuji,YES,2026-06-24
44403354384,[พรีออเดอร์]: Demon Slayer Burn Your Heart ฟิกเกอร์ งานจับฉลาก / Ichiban Kuji Figure,Last one A,kuji,YES,2026-06-24
42505669825,[พรีออเดอร์]: Ichiban Kuji Gakuen Idol Master Part 2 ไอดอบมาสเตอร์ งานจับฉลาก,A B C Last one,kuji,YES,2026-06-24
43253320163,[พรีออเดอร์]: Ichiban Kuji Harry Potter Magical Sweets Party / งานจับฉลาก แฮรี่พอตเตอร์,A Last one,kuji,YES,2026-06-24
42705907184,[พรีออเดอร์]: Ichiban Kuji JoJo's Bizarre Adventure Diamond is unbreakable เพรชแท้ไม่มีวันสลาย โจโจ้,E A B Last one C D,kuji,YES,2026-06-24
24292200175,[พรีออเดอร์]: Ichiban Kuji One Piece Roger Pirates ~Legendary Pirates~ วันพีช งานจับฉลาก,B D C LastOne E A,kuji,YES,2026-06-24
40155662010,[พรีออเดอร์]: Ichiban kuji Haikyu!! ~10th anniversary! ~ งานจับฉลาก ไฮคิว ฮินาตะ คาเงยาม่า,B A,kuji,YES,2026-06-24
26485109954,[พรีออเดอร์]: Ichiban kuji My Hero Academia The Power of Weaving มายฮีโร่ set แรก,B D C A Last one,kuji,YES,2026-06-24
27468909073,[พรีออเดอร์]: Ichiban kuji Naruto Shippuden Legendary Three Ninjas นารูโตะ งานจับฉลาก,B C Last one A,kuji,YES,2026-06-24
27462024036,[พรีออเดอร์]: Ichiban kuji bleach op2 set,C Last one A B,kuji,YES,2026-06-24
45256628214,[พรีออเดอร์]: Ichiban kuji godzilla Great Monster Legend G ก็อตซิลล่า งานจับฉลาก,C Last one A B,kuji,YES,2026-06-24
41501635085,[พรีออเดอร์]: Mobile Suit Gundam vol.2 ฟิกเกอร์ งานจับฉลาก / Ichiban Kuji Figure,Last one A,kuji,YES,2026-06-24
28863480387,[พรีออเดอร์][Ichiban kuji]: garp set one piece การ์ปเซต,Last one A B C,kuji,YES,2026-06-24
29914062351,[พรีออเดอร์][Naruto]: Shippuden Connected Feelings Ichiban kuji นารูโตะ,C A B D Last one,kuji,YES,2026-06-24
50056411889,[พรีออเดอร์✅] Ichiban Kuji HUNTER×HUNTER GREED ISLAND | งานรางวัล ฮันเตอร์ จิน คิรัว,B C E Last One D A,kuji,YES,2026-06-24
28436654371,[พรีออเดอร์✅]: Ichiban Kuji Saint Seiya: Golden Saints Edition ของแท้จากญี่ปุ่น 🇯🇵 ฟิกเกอร์สุดอลังสำหรับแฟนเซนต์เซย์ย่า!,C Last One A B,kuji,YES,2026-06-24
26666406261,[พรีออเดอร์✅]: Ichiban kuji JoJo bizzard adventure โจโจ้ เซต Golden wind ฟิกเกอร์ โจโจ้,B Last one G C E F กระสุน NoBox Unseal D A,kuji,YES,2026-06-24
27532843507,"[พรีออเดอร์✅🇯🇵] Ichiban Kuji ""Kinnikuman"" Perfect Superhuman Ancestor Edition คินนิคุแมน รางวัล จับฉลาก",LastOne A B,kuji,YES,2026-06-24
28834134449,[พรีออเดอร์✅🇯🇵] Ichiban Kuji Dragon Ball DRAGON HISTORY II Revible Moment ดราก้อนบอล,A Last one B C D,kuji,YES,2026-06-24
27982151942,[พรีออเดอร์✅🇯🇵] Ichiban Kuji One Piece Takumi no Keifu Hakyoku งานจับฉลาก โมเดล วันพีช ฟิกเกอร์,C LastOne A D E B,kuji,YES,2026-06-24
27279490589,[พรีออเดอร์✅🇯🇵] Ichiban kuji Blue lock - Prepared for the Final Battle งานจับฉลาก ฟิกเกอร์ บลูล๊อค คุกฟ้า,A B C,kuji,YES,2026-06-24
26461332572,[พรีออเดอร์✅🇯🇵] Ichiban kuji one piece เซตพลเรือ ฟิกเกอร์ วันพีช เซตพลเรือ ทหารเรือ,C Last one A B,kuji,YES,2026-06-24
26030629652,[พรีออเดอร์✅🇯🇵] Ichiban kuji: Dragon ball daima 2 ดราก้อนบอลไดมะ 2 ฟิกเกอร์ ดราก้อนบอล จับฉลาก,A B D C Last One,kuji,YES,2026-06-24
40401317912,[พรีออเดอร์✅🇯🇵]: Bocchi the Rock! VOLUME 3 ฟิกเกอร์ งานจับฉลาก / Ichiban Kuji Figure,D A LO B C,kuji,YES,2026-06-24
40751645880,[พรีออเดอร์✅🇯🇵]: Gintama 20th Anniversary Gintama Exhibition Hatachi Gathering ฟิกเกอร์ งานจับฉลาก / Ichiban Kuji Figure,C Last One B,kuji,YES,2026-06-24
26127303647,[พรีออเดอร์✅🇯🇵]: Ichiban Kuji JoJo's Bizarre Adventure GOLDEN WIND - HITMAN TEAM งานจับฉลาก โจโจ้ ตัวร้าย,E D G LastOne C A B F,kuji,YES,2026-06-24
40378933927,[พรีออเดอร์✅🇯🇵]: Ichiban Kuji Jujutsu Kaisen Shibuya Incident ~4~ ฟิกเกอร์ จูจุสสุไคเซ็น มหาเวทผนึกมาร งานจับฉลาก,B C Last one,kuji,YES,2026-06-24
26367108519,[พรีออเดอร์✅🇯🇵]: Ichiban kuji One Piece Memories of Heroines ฟิกเกอร์ งานจับฉลาก วันพีช งานสาวๆ โบอา,Last one C D A B,kuji,YES,2026-06-24
27367141774,[พรีออเดอร์✅🇯🇵]: Ichiban kuji dragon ball Daima งานจับฉลาก ดราก้อนบอล ไดมะ 1,E B C A D,kuji,YES,2026-06-24
44250945731,[พรีออเดอร์✅🇯🇵]: ดิจิม่อน Digimon Two Powers that Emit Light ฟิกเกอร์ งานจับฉลาก /  Digimon Ichiban Kuji Figure,A B LastOne,kuji,YES,2026-06-24
45656673294,[พรีออเดอร์🇯🇵] Ichiban Kuji Attack on Titan (ผ่าพิภพไททัน) งานจับฉลาก – The World Outside the Walls,B LASTONE A,kuji,YES,2026-06-24
41073594858,[พรีออเดอร์🇯🇵] Ichiban Kuji Attack on Titan: I'll take down the Beast Titan อิจิบังคุจิผ่าพิภพไททันฟิกเกอร์แท้จากญี่ปุ่น,A Titan ลิง 30 cm B Levi 22cm LASTONE Titan 45 cm,kuji,YES,2026-06-24
45206579148,[พรีออเดอร์🇯🇵] Ichiban Kuji Demon Slayer Kimetsu no Yaiba Brothers of Thunder อิจิบังคุจิ ดาบพิฆาตอสูร,A B Last one,kuji,YES,2026-06-24
44328881071,[พรีออเดอร์🇯🇵] Ichiban Kuji HUNTER×HUNTER REVENGE OF SCARLET – คุราปิก้า ตาแดง Scarlet Eyes Figure ลิขสิทธิ์แท้ญี่ปุ่น (,A B C D Last One,kuji,YES,2026-06-24
51158269201,[พรีออเดอร์🇯🇵] Ichiban Kuji That Time I Got Reincarnated as a Slime Movie ฟิกเกอร์ Rimuru Milim ของแท้ญี่ปุ่น,A B Last one,kuji,YES,2026-06-24
44758289171,[พรีออเดอร์🇯🇵] Ichiban Kuji Uma Musume Pretty Derby Vol.13 ฟิกเกอร์ ของแท้ญี่ปุ่น อิชิบัง คุจิ อุมะมุสึเมะ,A B C Last one,kuji,YES,2026-06-24
47856383407,[พรีออเดอร์🇯🇵] ยูยู่ฮาคุโชะ Ichiban Kuji ศึกประลองมืด Vol.2 | ของแท้ญี่ปุ่น (YuYu Hakusho / 一番くじ 暗黒武術会編 vol.2),A Last one B D C,kuji,YES,2026-06-24
28621287519,[พรีออเดอร์🇯🇵]: ICHIBAN KUJI DEMON SLAYER - THE CONNECTED TRAIL งานจับฉลาก ดาบพิฆาตอสูร,B Last one น้ำตาทันจิ A,kuji,YES,2026-06-24
28793307142,[พรีออเดอร์🇯🇵]: Ichiban Kuji Godzilla vs King Ghidorah MEGA BRAVE A賞 / B賞 ฟิกเกอร์ก็อดซิลล่า คิงกิโดร่า ของแท้จากญี่ปุ่น,A B,kuji,YES,2026-06-24
43557127126,[พรีออเดอร์🇯🇵]: Ichiban Kuji Kingdom A Great General’s View A Prize Ouki Masterlise Extra PVC Figure ของแท้ญี่ปุ่น,A Last one B C,kuji,YES,2026-06-24
27774034037,[พรีออเดอร์🇯🇵]: Ichiban Kuji My Hero Academia Stand Up Again งานจับฉลาก มายฮีโร่ อคาเดเมี่ย,C B Last one A,kuji,YES,2026-06-24
28016411525,[พรีออเดอร์🇯🇵]: Ichiban kuji My hero academia cultural festival ฟิกเกอร์ มายฮีโร่,C Last one B A,kuji,YES,2026-06-24
43418398072,[พรีออเดอร์🇯🇵]: Ichiban kuji demon slayer the hashima งานจับฉลาก ดาบพิฆาตอสูร ฟิกเกอร์ เดม่อนสเลเยอร์,A B Last One C,kuji,YES,2026-06-24
40651473927,[พรีออเดอร์🇯🇵✅] Ichiban Kuji DEATH NOTE DMM ฟิกเกอร์แท้จากญี่ปุ่น,Last one A,kuji,YES,2026-06-24
24233481989,[พรีออเดอร์🇯🇵✅] Ichiban kuji set beast Ex yamato momnosuke งานจับฉลาก โมโมโนะสุเกะ ร่างมังกร ยามาโตะ ร่างจิ้งจอก,Last one momonosuke B yamato C momonosuke,kuji,YES,2026-06-24
44051641214,"[พรีออเดอร์🇯🇵✅]:  Gintama ~No matter how old you are, the lottery is exciting~ ฟิกเกอร์ งานจับฉลาก / Ichiban Kuji Figure",A Last one,kuji,YES,2026-06-24
40551636923,[พรีออเดอร์🇯🇵✅]: Gintama ~The lottery is all about timing~ ฟิกเกอร์ งานจับฉลาก / Ichiban Kuji Figure,A Last one B,kuji,YES,2026-06-24
46656525764,[พรีออเดอร์🇯🇵✅]: Ichiban Kuji Berserk A Vow of Counterattack เซ็ตคุจิครบชุด ฟิกเกอร์ Guts Skull Knight Femto 🇯🇵,C Last One A B,kuji,YES,2026-06-24
40103321295,[พรีออเดอร์🇯🇵✅]: Ichiban Kuji WIND BREAKER ~After the battle~ ฟิกเกอร์ งานจับฉลาก / Figure,A B Last one,kuji,YES,2026-06-24
27371367576,[พรีออเดอร์🇯🇵✅]: Ichiban kuji My hero Academia you're next งานจับฉลาก มายฮีโร่ อคาเดเมี่ย,A Last one D B C,kuji,YES,2026-06-24
28987903100,[พรีออเดอร์🇯🇵✅]: Ichiban kuji Re:Zero Starting Life in another world i will remember this day รีซีโร่ เรม งานจับฉลาก,A Last one B,kuji,YES,2026-06-24
29906244679,[พรีออเดอร์🇯🇵✅]: Ichiban kuji one piece beyond the level set งานจับฉลากวันพีช โมเดล ลูฟี่ เกียร์ 5,Last one luffy A Luffy B law C Kid,kuji,YES,2026-06-24
41853359607,[พรีออเดอร์🇯🇵✅]: KINGDOM HEARTS Linking Hearts ฟิกเกอร์ งานจับฉลาก / Ichiban Kuji Figure,Last One A,kuji,YES,2026-06-24
43853369911,[พรีออเดอร์🇯🇵✅]: Kirby of the Stars Kirby Café PETIT ฟิกเกอร์ งานจับฉลาก / Ichiban Kuji Figure,A Last one,kuji,YES,2026-06-24
41953299727,[พรีออเดอร์🇯🇵✅]: Mobile Suit Gundam ฟิกเกอร์ งานจับฉลาก / Ichiban Kuji Figure,Last one A,kuji,YES,2026-06-24
40253380010,[พรีออเดอร์🇯🇵✅]: Yuru Camp vol.2 ฟิกเกอร์ งานจับฉลาก / Ichiban Kuji Figure,A B Last one,kuji,YES,2026-06-24
41700934018,[พรีออเดอร์🇯🇵✅]: ดิจิม่อน the ultimate evolution ฟิกเกอร์ งานจับฉลาก /  Digimon Ichiban Kuji Figure,A B LastOne,kuji,YES,2026-06-24
25436103198,[พรีออเดอร์🇯🇵✅]:Ichiban kuji Attack on titan rumbling set ผ่าพิผพไททั่น เอเรนร่างบรรพบุรุษ ฟิกเกอร์ ไททั่น,C B Last One A,kuji,YES,2026-06-24
40709026177,【พรีออเดอร์ของแท้】[A/Last One] Ichiban Kuji Rurouni Kenshin Kyoto Uprising ฟิกเกอร์ เคนชิน / ชิชิโอะ / ซาอิโตะ,A Last one,kuji,YES,2026-06-24
46806343082,🏆 [พรีออเดอร์🇯🇵] Ichiban Kuji Crows & Worst ~ Wandering Crows ~  อิจิบัง คุจิ โครวส์ & เวิร์ส – แก๊งอีกาเร่ร่อน,A B C Last one,kuji,YES,2026-06-24
27536611650,🔥 พรีออเดอร์เปิดแล้ว! 🔥 Ichiban Kuji Naruto - Will of the Fire ของแท้จากญี่ปุ่น 🇯🇵 ลิขสิทธิ์แท้ Bandai ✨นารูโตะ ฟิกเกอร์,B ตาธรรมดา C ตาเนตร Last one B ตาเนตร A C ตาธรรมดา,kuji,YES,2026-06-24
42078881687,🛒 [พรีออเดอร์🇯🇵 | Keyima] Ichiban Kuji My Hero Academia Continuous Stars มายฮีโร่ อคาเดเมีย ฟิกเกอร์งานจับฉลากแท้ญี่ปุ่น,C Last one B D A,kuji,YES,2026-06-24
52756322318,🛒 [พรีออเดอร์🇯🇵 | Keyima] Ichiban Kuji Naruto Shippuden สงครามนินจา – ฟิกเกอร์ Naruto แท้ญี่ปุ่น,C B A E Last One D,kuji,YES,2026-06-24
42678835316,🛒 [พรีออเดอร์🇯🇵 | Keyima] Ichiban Kuji One Piece EX ผลปีศาจ vol.3 ฟิกเกอร์ลูฟี่เกียร์5 / ช็อปเปอร์/ Black Maria เซ็นโงคุ,D B Last one A C,kuji,YES,2026-06-24
26030509869,🛒 [พรีออเดอร์🇯🇵] Ichiban Kuji BLEACH Stirring Souls vol.2 (บลีช ฟิกเกอร์ ฉลากสุ่ม รางวัล คุจิ),B C LastOne A,kuji,YES,2026-06-24
47209844104,🛒 [พรีออเดอร์🇯🇵] Ichiban Kuji Blue Lock Additional Time! (บลูล็อค) ล็อตใหม่ ของแท้จากญี่ปุ่น 💯,Last one A B C,kuji,YES,2026-06-24
50506749053,🛒 [พรีออเดอร์🇯🇵] Ichiban Kuji DEATH NOTE | งานจับฉลาก เดธโน๊ต ของแท้จากญี่ปุ่น,LO A B,kuji,YES,2026-06-24
52906567375,🛒 [พรีออเดอร์🇯🇵] Ichiban Kuji Demon Slayer: Sister’s Revenge | ดาบพิฆาตอสูร งานจับฉลาก ลิมิเต็ดจากญี่ปุ่น,B C Last one A,kuji,YES,2026-06-24
53556580932,🛒 [พรีออเดอร์🇯🇵] Ichiban Kuji Dragon Ball Fantastic Adventure 2 ดราก้อนบอล แฟนแทสติก แอดเวนเจอร์ 2,A B LO,kuji,YES,2026-06-24
45610159493,🛒 [พรีออเดอร์🇯🇵] Ichiban Kuji Dragon Ball THE CHRONICLE OF GOKU (ดราก้อนบอล) ล็อตใหม่ ของแท้จากญี่ปุ่น 💯,D B C Last one F A E,kuji,YES,2026-06-24
52358553981,🛒 [พรีออเดอร์🇯🇵] Ichiban Kuji Frieren Beyond Journey’s End ฟิกเกอร์ Frieren Fern MASTERLISE ของแท้ญี่ปุ่น,B Last one A,kuji,YES,2026-06-24
47456626606,🛒 [พรีออเดอร์🇯🇵] Ichiban Kuji Goddess of Victory: NIKKE CHAPTER 6 (อิจิบัง คุจิ นิเคะ แชปเตอร์ 6),B Last one A,kuji,YES,2026-06-24
47308289160,🛒 [พรีออเดอร์🇯🇵] Ichiban Kuji Golden Kamuy Gold Nugget Scramble ฟิกเกอร์ Sugimoto Asirpa MASTERLISE ของแท้ญี่ปุ่น,Last one A B C,kuji,YES,2026-06-24
48261073994,🛒 [พรีออเดอร์🇯🇵] Ichiban Kuji Gundam GQuuuuuuX vol.4GQuuuuuuX (Zeek Axe) vol.4  (กันดั้ม) ล็อตใหม่ ของแท้จากญี่ปุ่น 💯,B C Last one A,kuji,YES,2026-06-24
52156408579,🛒 [พรีออเดอร์🇯🇵] Ichiban Kuji HUNTER×HUNTER Cross the “X-Day” | คุจิ ฮันเตอร์×ฮันเตอร์ | กอร์น คิรัว คุจิญี่ปุ่น ของแท้,E D B F C Last One A อาลูกะ A นานิกะ,kuji,YES,2026-06-24
53010942760,🛒 [พรีออเดอร์🇯🇵] Ichiban Kuji HUNTER×HUNTER ZAOLDYECK FAMILY ล็อตใหม่ ของแท้จากญี่ปุ่น 💯,E 2 C D B E 1 A Last one,kuji,YES,2026-06-24
53206569462,🛒 [พรีออเดอร์🇯🇵] Ichiban Kuji JoJo's Bizarre Adventure Diamond is Unbreakable -STAND RUSH!- โจโจ้ ภาค 4 สแตนด์รัช,A Last one B E F D C,kuji,YES,2026-06-24
29965776108,🛒 [พรีออเดอร์🇯🇵] Ichiban Kuji Jujutsu Kaisen (มหาเวทย์ผนึกมาร) – SHIBUYA INCIDENT PART 3,C Last one B,kuji,YES,2026-06-24
44329110935,🛒 [พรีออเดอร์🇯🇵] Ichiban Kuji Jujutsu Kaisen Death Return Ichi  อิจิบังคุจิ มหาเวทย์ผนึกมาร Death Return – Culling Game,I F H G Last one,kuji,YES,2026-06-24
48459009724,🛒 [พรีออเดอร์🇯🇵] Ichiban Kuji Kingdom The Future of Qin(คิงดอม จอมคนเจ้าแผ่นดิน) ล็อตใหม่ ของแท้จากญี่ปุ่น 💯,A B C LO,kuji,YES,2026-06-24
49256342444,🛒 [พรีออเดอร์🇯🇵] Ichiban Kuji Mobile Suit Gundam UNIVERSAL CENTURY SAGA – กันดั้มจักรวาล UC,B Last one A,kuji,YES,2026-06-24
46106446763,🛒 [พรีออเดอร์🇯🇵] Ichiban Kuji My Hero Academia -On top of happiness- ฟิกเกอร์ MHA ลิขสิทธิ์แท้ญี่ปุ่น โทกะ อุรารากะ,Last one F B C D A E,kuji,YES,2026-06-24
44328829559,🛒 [พรีออเดอร์🇯🇵] Ichiban Kuji My Hero Academia – Spun Feelings งานฟิกเกอร์ใหม่ล่าสุด ปิดฉากภาคสุดท้าย,A B Last one D C,kuji,YES,2026-06-24
48462876505,🛒 [พรีออเดอร์🇯🇵] Ichiban Kuji NARUTO Shippuden Kazekage Recapture Edition (นารูโตะ) ล็อตใหม่ ของแท้จากญี่ปุ่น 💯,D A C B E Last one,kuji,YES,2026-06-27
52559790200,🛒 [พรีออเดอร์🇯🇵] Ichiban Kuji NIKKE CHAPTER7 ล็อตใหม่ ของแท้จากญี่ปุ่น 💯,Last one A B,kuji,YES,2026-06-24
42028898599,🛒 [พรีออเดอร์🇯🇵] Ichiban Kuji Naruto – Chunin Exam Edition ฟิกเกอร์นารูโตะ ศึกจูนิน งานลอตเตอรี่ญี่ปุ่น,E B Last One D C A,kuji,YES,2026-06-24
26772432006,🛒 [พรีออเดอร์🇯🇵] Ichiban Kuji One Piece Four Emperors Set (ลูฟี่ แชงค์ แบล็คเบียร์ด บากี้ ฟิกเกอร์ วันพีช),C A B D Last one,kuji,YES,2026-06-24
53106464920,🛒 [พรีออเดอร์🇯🇵] Ichiban Kuji One Piece Futur Burst of Energy | byวันพีช งานจับฉลาก “เกาะอนาคต เอ็กเฮด” ของแท้จากญี่ปุ่น,B C D A LO,kuji,YES,2026-06-24
44609855070,🛒 [พรีออเดอร์🇯🇵] Ichiban Kuji One Piece MONKEY.D.LUFFY－(วันพีซ) ล็อตใหม่ ของแท้จากญี่ปุ่น 💯,B-2 Last one C B-1 D A,kuji,YES,2026-06-24
26924040996,🛒 [พรีออเดอร์🇯🇵] Ichiban Kuji One Piece – The Greatest Battle to Grand Line (วันพีช งานจับฉลาก ฟิกเกอร์ ลูฟี่),B C D A,kuji,YES,2026-06-24
40129411018,🛒 [พรีออเดอร์🇯🇵] Ichiban Kuji One Piece: The Future We Envision (วันพีช อนาคตที่พวกเราวาดไว้),B C A E1 E2 Last one D E3 E4,kuji,YES,2026-06-24
45206492112,🛒 [พรีออเดอร์🇯🇵] Ichiban Kuji Persona 5 The Royal  เพอร์โซน่า 5 เดอะ รอยัล – งานจับฉลากแท้จากญี่ปุ่น,A B Last one,kuji,YES,2026-06-24
52810593473,🛒 [พรีออเดอร์🇯🇵] Ichiban Kuji REBORN! Ring Battle รีบอร์น ล็อตใหม่  ของแท้จากญี่ปุ่น 💯,Last one กล่อง ไม่มีแหวน C B A D,kuji,YES,2026-06-24
47958289082,🛒 [พรีออเดอร์🇯🇵] Ichiban Kuji Street Fighter 6 ฟิกเกอร์ Juri Akuma MASTERLISE ของแท้ญี่ปุ่น,Last one A B,kuji,YES,2026-06-24
53059000746,🛒 [พรีออเดอร์🇯🇵] Ichiban Kuji WIND BREAKER 5th Anniversary of the Original Work วินเบรคเกอร์ ล็อตใหม่ ของแท้จากญี่ปุ่น 💯,LO A B,kuji,YES,2026-06-24
42979128109,🛒 [พรีออเดอร์🇯🇵] Ichiban Kuji Yu Yu Hakusho Dark Martial Arts Tournament Vol.3 อิจิบังคุจิ คนเก่งฟ้าประทาน,B C A D Last one E,kuji,YES,2026-06-24
45356437721,🛒 [พรีออเดอร์🇯🇵] Ichibankuji DRAGON BALL 40th ~Part 1~ // อิจิบัง คุจิ ดราก้อนบอล,A B LO E ครบ C แบบ 2 C แบบ 1,kuji,YES,2026-06-24
47156378418,🛒 [พรีออเดอร์🇯🇵] YuYu Hakusho Ichiban Kuji – Dark Martial Arts Tournament (ฟิกเกอร์ ยูสุเกะ /ฮิเอ /คุวาบาระ |งานจับฉลาก),C B A Last one D,kuji,YES,2026-06-24
49156623230,🛒 [พรีออเดอร์🇯🇵] คุจิ กันดั้ม โมบิลสูท Ichiban Kuji Mobile Suit Gundam GQuuuuuuX (Geaku Axe) vol.3,A B Last one,kuji,YES,2026-06-24
47406764360,🛒 [พรีออเดอร์🇯🇵][LastOne] Ichiban Kuji One Piece – The Greatest Battle to Grand Line (วันพีช งานจับฉลาก ฟิกเกอร์ ลูฟี่),LO,kuji,YES,2026-06-24
45356445655,🛒[พรีออเดอร์ 🇯🇵] Ichiban Kuji Dragon Ball VS Omnibus CROSS // อิจิบัง คุจิ ดราก้อนบอล,C A E LO D B,kuji,YES,2026-06-24
52706417814,🛒[พรีออเดอร์ 🇯🇵] Ichiban Kuji MY HERO ACADEMIA: Conflicting Feelings มายฮีโร่ ออลไม เดกุ ออลฟอวัน,F B Last one C E D A,kuji,YES,2026-06-24
44756500214,🛒[พรีออเดอร์🇯🇵 | KEYIMA] Ichiban Kuji Neon Genesis Evangelion 30th Anniversary อิจิบังคุจิ อีวานเกเลียน ครบรอบ 30 ปี,D B C A LO,kuji,YES,2026-06-24
53408269050,🦖 [พรีออเดอร์🇯🇵] Ichiban Kuji Godzilla MACHINE CHRONICLE ของแท้ญี่ปุ่น อิชิบัง คุจิ ก็อดซิลล่า,B Last one A,kuji,YES,2026-06-24
56001404114,-พร้อมส่ง🇯🇵- Figuarts ZERO [Super Fierce Battle] Monkey D. Luffy -Gear 5 Titan (Bandai) ลูฟี่เกียร์ 5,-,no,,2026-06-24
55106414178,Ichiban kuji Dragon Ball ASSEMBLE COLLECTION ~ Goku childhood edition~ // อิจิบัง คุจิ ดราก้อนบอล,20 ชิ้น ป้าย dragon 24 ชิ้น,no,,2026-06-24
25647366888,[GU] กระเป๋า Kirby: Kirby pouch,ชมพู เหลือง,no,,2026-06-24
43568036386,[พรีออเดอร์ 7-10 วัน ✅] Pokémon TCG Rocket Gang Booster Box กล่องการ์ดโปเกมอน The glory of gang rocket ญี่ปุ่นแท้ 30 ซอง,กล่องใหม่ในซีล,no,,2026-06-24
49600617677,[พรีออเดอร์ 7-10 วัน]🇯🇵ยกตั้น 12 กล่อง Pokémon Card Game TCG MEGA  Inferno X  การ์ดโปเกม่อนแท้  Mega Inferno X Evolution,1 ตั้น 12 กล่องคละตั้น,no,,2026-06-24
41771041549,[พรีออเดอร์7-10 วัน🇯🇵🚨🚨]🇯🇵Pokémon Card Game TCG MEGA  Inferno X  Booster การ์ดโปเกม่อนแท้  Mega Inferno X Evolution,1 กล่อง,no,,2026-06-24
47406674202,[พรีออเดอร์] Banpresto Keroro SOFVIMATES: Tamama | Giroro เคโรโระ ขบวนการอ๊บอ๊บป่วนโลก,กีโรโระ ทามามะ,no,,2026-06-24
42659493169,[พรีออเดอร์] Banpresto Naruto Hokage Rock กระปุกหยอดเหรียญ กระปุกออมเงิน นารูโตะ,ซื้อคู่ 4 3,no,,2026-06-24
49506671485,[พรีออเดอร์] Ichiban Kuji Hololive ~Villain Style~ // อิจิบัง คุจิ โฮโลไลฟ์,Watame Tsunomaki Shihaku Botan Shirakami Fubuki Ogami Mio,no,,2026-06-24
43428996169,[พรีออเดอร์] Ichiban Kuji Hololive ~Wedding Dress Style~ // อิจิบัง คุจิ โฮโลไลฟ์,Shirogane Noel Houshou Marine Towa Tokoyami Yukihana Lamy,no,,2026-06-24
53456755783,"[พรีออเดอร์] Ichiban Kuji Pokemon ~Welcome to the ""PEACE"" Diner~ // อิจิบัง คุจิ โปเกม่อน",LO A D B C,no,,2026-06-24
47256743763,"[พรีออเดอร์] Ichiban Kuji Pokémon ""Mega Evolution"" // อิจิบัง คุจิ ตุ๊กตา โปเกม่อน เมก้า อีโว pokemon",LO D C A B,no,,2026-06-24
28069432993,[พรีออเดอร์] Ichiban kuji: Jujutsu kaisen sukuna ซุคุนะ งานจับฉลาก,-,no,,2026-06-24
47210886021,[พรีออเดอร์] Pokémon Abyss Eye Booster Box ภาษาญี่ปุ่น กล่องใหม่ การ์ดโปเกมอนแท้,1 กล่อง,no,,2026-06-24
41428903901,[พรีออเดอร์]: Banpresto One piece Imu sama // บันได วันพีช ท่านอิม ตุ๊กตา,รับสินค้าตามระบบ ส่งด่วน 7-12 วัน,no,,2026-06-24
26137341614,[พรีออเดอร์]: Funshape Naruto shippuden collection นารูโตะ ฟิคเกอร์ Akatsuki แสงอุษา,Last one C A B,no,,2026-06-24
29338060116,[พรีออเดอร์]: Naruto Shippuden – Vibration Stars – Tobi นารูโตะ โทบิ โอบิโตะ,-,no,,2026-06-24
29326715260,[พรีออเดอร์]: Sakamoto days Vol.1 ซากาโมโตะ,A B Last one,no,,2026-06-24
29363994705,[พรีออเดอร์][One piece]: absolute justice set วันพีชเซตพลเอก,Last one B D A C,no,,2026-06-24
54956662489,[พรีออเดอร์][ครบเซต 11 เเบบ ✅]: Naruto Vibration Stars เซตเเสงอุษา Akatsuki,ครบ 11,no,,2026-06-24
43268035059,[พรีออเดอร์✅] Pokémon TCG 151 Booster Box กล่องการ์ดโปเกมอน ญี่ปุ่นแท้ ซีลใหม่ 1BOX=20ซอง ลุ้นการ์ดหายาก SAR AR SR UR,1 กล่อง ซีลโรงงาน,no,,2026-06-24
29241256487,[พรีออเดอร์🇯🇵7-10 วัน] Pokémon Card Game MEGA Expansion Pack Mega Brave Booster Box (M1L) กล่องบูสเตอร์ เมก้าเบรฟ,กล่องใหม่ซีล,no,,2026-06-24
41868063706,[พรีออเดอร์🇯🇵7-10 วัน] Pokémon TCG SV8 Super Electric Breaker (超電ブレイカー) Booster Box กล่องบูสเตอร์ภาษาญี่ปุ่น,1 กล่อง ซีล,no,,2026-06-24
42317981475,[พรีออเดอร์🇯🇵7-10 วัน] Pokémon TCG sv11 Black Bolt / White Flare Japanese Booster Box กล่องบูสเตอร์แท้จากญี่ปุ่น,Black Flare JP White Flare JP,no,,2026-06-24
52451242969,[พรีออเดอร์🇯🇵] Ichiban Kuji Attack on Titan: I'll take down the Beast Titan อิจิบังคุจิผ่าพิภพไททัน รางวัลอพคริลิค,รับสินค้าตามระบบ ส่งด่วน 7-14 วัน รับใบพรีก่อน,no,,2026-06-24
41179005632,[พรีออเดอร์🇯🇵] NARUTO SHIPPUDEN GRANDISTA - NARUTO UZUMAKI II ฟิกเกอร์ นารูโตะ ของแท้ ญี่ปุ่น,prize,no,,2026-06-24
56206739268,[พรีออเดอร์🇯🇵] Naruto Fig Life! Valley of the End – Hashirama & Madara นารูโตะ เซ็ต 2 ตัว ของแท้จากญี่ปุ่น,มาดาระ + ฮาชิรามะ,no,,2026-06-24
41777043473,[พรีออเดอร์🇯🇵] ONE PIECE WCF Eiichiro Oda | ฟิกเกอร์ โอดะ อ.เออิจิโร่ ผู้สร้างวันพีซ ของแท้ญี่ปุ่น ลิมิเต็ด,รับใบพรีก่อน รอสินค้าตามระบบ ส่งด่วน 7-14 วัน,no,,2026-06-24
44318002873,[พรีออเดอร์🇯🇵] Pokémon TCG MEGA Expansion Pack Mega Symphonia Booster Box(M1S)กล่องบูสเตอร์เมก้า ซิมโฟเนีย การ์ดโปเกม่อน,กล่องใหม่ซีล,no,,2026-06-24
26441276488,[พรีออเดอร์🇯🇵] Pokémon TCG Ruler of the Black Flame Booster Box (SV3) กล่องบูสเตอร์ภาษาญี่ปุ่น,1 กล่อง,no,,2026-06-24
48362427144,[พรีออเดอร์🇯🇵]: Haikyuu!! Goods Collection 2 (FuRyu) ไฮคิว ฟิกเกอร์,C Last one A B,no,,2026-06-24
45656500596,[พรีออเดอร์🇯🇵]: Naruto กระเป๋า กาอาระ gaara bag Banpresto งานเครน กระเป๋านารูโตะ,ส่งด่วน 7 - 14 วัน รอตามระบบ,no,,2026-06-24
46862921818,[พรีออเดอร์🇯🇵]: Play Arts Kai Cloud Strife Final Fantasy VII Rebirth ฟิกเกอร์ คลาวด์ FF7 Square Enix ของแท้ มือ1,ส่งด่วน 7-12 วัน รับสินค้าตามระบบ,no,,2026-06-27
25896869509,[พรีออเดอร์🇯🇵]: Pokémon TCG ex Terastal Phase Booster Box กล่องการ์ดโปเกม่อน เทราสทัล เฟส EX ญี่ปุ่นแท้,1 กล่อง,no,,2026-06-24
50206666162,[พรีออเดอร์🇯🇵]: ฟิกเกอร์ MegaHouse Jujutsu Kaisen Satoru Gojo Kosen Ver. เมก้าเฮ้าส์ จูจุทสึไคเซ็น,Gojo,no,,2026-06-24
26771661632,[พรีออเดอร์🇯🇵✅]: Dragon Ball VS Omnibus Ultimate ฟิคเกอร์ ดราก้อนบอล งานจับฉลาก,F Last One A C B E D,no,,2026-06-24
40703369431,[พรีออเดอร์🇯🇵✅]: Pokémon Type: Ghost ฟิกเกอร์ งานจับฉลาก / Ichiban Kuji Figure โปเกม่อน ตุ๊กตา,B A Last one,no,,2026-06-24
25135248615,endeavor myhero ichiban kuji d | เอนเดเวอร์ มายฮีโร่ งานจับฉลาก รางวัล ดี,รอตามระบบ รับใบพรี,no,,2026-06-24
47856682698,พรีออเดอร์: Banpresto Gigo Naruto Uzumaki นารูโตะ,A B Light,no,,2026-06-24
41355907697,พรีออเดอร์: Hunter x Hunter grandista hisoka งานเเกรน ฮิโซกะ,รับสินค้าตามระบบ รับใบพรีก่อน,no,,2026-06-24
24842876699,พรีออเดอร์: Ichiban kuji Pokemon | A Moment of Peace ฉลาก รางวัล,A LASTONE B D C,no,,2026-06-24
42157468994,พรีออเดอร์: Weekly Shonen Jump Logo Figure Early Days Edition วันพีช โลโก้,รับสินค้าตามระบบ รับใบพรีก่อน,no,,2026-06-24
42857574822,พรีออเดอร์: Weekly Shonen Jump Logo Figure Gear 5 วันพีช โลโก,รับสินค้าตามระบบ,no,,2026-06-24
43957468847,พรีออเดอร์: ป้ายนารูโตะ Weekly Shonen Jump Logo Figure Gift for All Applicants NARUTO,รับสินค้าตามระบบ รับใบพรีก่อน,no,,2026-06-24
41258607978,พรีออเดอร์: โคมไฟ คุรามะ NARUTO Shippuden Kurama Room Light นารูโตะ,รอตามระบบ ส่งด่วน 7-12 วัน,no,,2026-06-24
42658327790,พรีออเดอร์: ไฟตั้งโต๊ะ นารูโตะ Akatsuki Cloud Room Light ของแท้ Banpresto,รับใบพรีก่อน รอส่งตามระบบ,no,,2026-06-24
41656393414,พรีออเดอร์🇯🇵✅: Hunter × Hunter FigLife! Gon – All You Can Pen  กอร์นร่างผมยาว กอนผมสวย กอนสุดเท่ ฮันเตอร์,รับสินค้าตามระบบ รับใบพรีก่อน,no,,2026-06-24
27886573878,พร้อมส่ง! การ์ป รางวัล ลาสวัน วันพีซ ฟิกเกอร์ งานจับฉลาก / Grap LastOne One Piece - Ichiban Kuji Figure,-,no,,2026-06-24
26436568695,พร้อมส่ง! คล็อกโคไดล์ รางวัล บี วันพีซ ฟิกเกอร์ งานจับฉลาก / Crocodile B One Piece - Ichiban Kuji Figure,-,no,,2026-06-24
40250907661,พร้อมส่ง! คาคาชิ รางวัล ดี นารูโตะ ฟิกเกอร์ งานจับฉลาก / Kakashi D Naruto - Ichiban Kuji Figure,-,no,,2026-06-24
40200893089,พร้อมส่ง! คิง รางวัล อี วันพีซ ฟิกเกอร์ งานจับฉลาก / King E One Piece - Ichiban Kuji Figure,-,no,,2026-06-24
28886569070,พร้อมส่ง! คิด รางวัล ซี วันพีซ ฟิกเกอร์ งานจับฉลาก / Eustass Kid C One Piece - Ichiban Kuji Figure,-,no,,2026-06-24
40250906846,พร้อมส่ง! จีเวลรี่ บอนนี่ รางวัล อี วันพีซ ฟิกเกอร์ งานจับฉลาก / Jewelry Bonney E One Piece - Ichiban Kuji Figure,-,no,,2026-06-24
29736585674,พร้อมส่ง! ซาสึเกะ อิทาจิ รางวัล ลาสวัน นารูโตะ ฟิกเกอร์ งานจับฉลาก / Sasuke Itachi B Naruto - Ichiban Kuji Figure,-,no,,2026-06-24
40350873135,พร้อมส่ง! ซาโบ้ รางวัล เอ วันพีซ ฟิกเกอร์ งานจับฉลาก / Sabo A One Piece - Ichiban Kuji Figure,-,no,,2026-06-24
43500901644,พร้อมส่ง! ดราก้อน รางวัล ลาสวัน วันพีซ ฟิกเกอร์ งานจับฉลาก / Monkey D. Dragon LastOne One Piece - Ichiban Kuji Figure,-,no,,2026-06-24
43400882284,พร้อมส่ง! ลอว์ รางวัล บี วันพีซ ฟิกเกอร์ งานจับฉลาก / Trafalgar D. Water Law B One Piece - Ichiban Kuji Figure,-,no,,2026-06-24
43450882162,พร้อมส่ง! ลูฟี่ รางวัล เอ วันพีซ ฟิกเกอร์ งานจับฉลาก / Luffy A One Piece - Ichiban Kuji Figure,-,no,,2026-06-24
43400906740,พร้อมส่ง! ลูฟี่ รางวัล เอ วันพีซ ฟิกเกอร์ งานจับฉลาก / Luffy A One Piece - Ichiban Kuji Figure,-,no,,2026-06-24
42050877446,พร้อมส่ง! ลูฟี่ รางวัล เอ วันพีซ ฟิกเกอร์ งานจับฉลาก / Luffy A One Piece - Ichiban Kuji Figure,-,no,,2026-06-24
42950892944,พร้อมส่ง! วิสต้า รางวัล ดี วันพีซ ฟิกเกอร์ งานจับฉลาก / Vista D One Piece - Ichiban Kuji Figure,-,no,,2026-06-24
41750886363,พร้อมส่ง! หนวดดำ รางวัล บี วันพีซ ฟิกเกอร์ งานจับฉลาก / Marshall D. Teach B One Piece - Ichiban Kuji Figure,-,no,,2026-06-24
41101569665,พร้อมส่ง! เดกุ มิโดริยะ อิซึคุ เอ มายฮีโร่ ฟิกเกอร์ งานจับฉลาก / Izuku Midoriya A My Hero Academia - Ichiban Kuji Figure,-,no,,2026-06-24
40401570582,พร้อมส่ง! เดกุ มิโดริยะ อิซึคุ เอ มายฮีโร่ ฟิกเกอร์ งานจับฉลาก / Izuku Midoriya A My Hero Academia - Ichiban Kuji Figure,-,no,,2026-06-24
42600902113,พร้อมส่ง! แชงค์ รางวัล ลาสวัน วันพีซ ฟิกเกอร์ งานจับฉลาก / Shanks LastOne One Piece - Ichiban Kuji Figure,-,no,,2026-06-24
43800906627,พร้อมส่ง! โซโร รางวัล ซี วันพีซ ฟิกเกอร์ งานจับฉลาก / Zoro C One Piece - Ichiban Kuji Figure,-,no,,2026-06-24
41101580012,พร้อมส่ง! โมโนมะ เนย์โตะ ซี มายฮีโร่ ฟิกเกอร์ งานจับฉลาก / Neito Monoma C My Hero Academia - Ichiban Kuji Figure,ปกติ กล่องชำรุด,no,,2026-06-24
26836595132,พร้อมส่ง! โมโมโนะสุเกะ รางวัล เอ วันพีซ ฟิกเกอร์ งานจับฉลาก / Kouzuki Momonosuke A One Piece - Ichiban Kuji Figure,-,no,,2026-06-24
42350898387,พร้อมส่ง! โอโรจิมารุ รางวัล บี นารูโตะ ฟิกเกอร์ งานจับฉลาก / Orochimaru B Naruto - Ichiban Kuji Figure,-,no,,2026-06-24
41451575431,พร้อมส่ง! ไอซาวะ โชตะ ลาสวัน มายฮีโร่ ฟิกเกอร์ งานจับฉลาก / Shota Aizawa LO My Hero Academia - Ichiban Kuji Figure,-,no,,2026-06-24
40176146294,พร้อมส่ง!✅ Pokémon Card Game MEGA Expansion Pack Mega Brave Booster Box (M1L) กล่องบูสเตอร์ เมก้าเบรฟ,กล่องใหม่ซีล,no,,2026-06-24
57350837461,พร้อมส่ง!✅ Pokémon TCG MEGA Expansion Pack Mega Symphonia Booster Boxs(M1S)กล่องบูสเตอร์เมก้า ซิมโฟเนีย การ์ดโปเกม่อน,กล่องใหม่ซีล,no,,2026-06-24
29129909796,พร้อมส่ง: Ichiban kuji Naruto | Kakashi ตาธรรมดา (C),-,no,,2026-06-24
29869428543,พร้อมส่ง: Ichiban kuji: เกิดใหม่ทั้งทีกลายเป็นสไลม์ไปซะได้ That Time I Got Reincarnated as a Slime Holy ริมูรุ เทมเปส,-,no,,2026-06-24
27485896409,พร้อมส่ง: หมวก Scuderia Ferrari Hp 2025 16 Leclerc,-,no,,2026-06-24
42731315956,🇯🇵 [พรีออเดอร์]: ONE PIECE Anime Logo Light โลโก้วันพีช ไฟ LED ตั้งโชว์ Banpresto ของแท้,รับสินค้าตามระบบ ส่งด่วน 7-12 วัน,no,,2026-06-24
41325048263,💫【พรีออเดอร์】Koiland Ichiban Saint Seiya ชุดที่ 3 – Hyoga / Shun / Athena ฟิกเกอร์เซนต์เซย์ย่า ลิขสิทธิ์แท้จากญี่ปุ่น,Last One B A,no,,2026-06-24
43423754624,📣 [พรีออเดอร์🇯🇵🎌] Dragon Ball Radar Speaker – ลำโพงเรดาร์จับดราก้อนบอล 🔊🐉,ส่งด่วน 7-10 วัน รอตามระบบ,no,,2026-06-24
43373756486,📣 [พรีออเดอร์🇯🇵🎌] โคมไฟ “โกคุมงเคียว” | Jujutsu Kaisen Room Light ไฟห้องสุดเท่จากอนิเมะมหาเวทย์ผนึกมาร ✨,ส่งด่วน 7-10 วัน รอตามระบบ,no,,2026-06-24
27792951983,📣 [เปิดพรีออเดอร์🇨🇳] Pokemon TCG Simplified Chinese Gem Pack Vol.3 「Gengar Box」การ์ดโปเกม่อน เกงก้า,1 กล่อง,no,,2026-06-24
49206553370,🛒 [พรีออเดอร์🇯🇵] Boku No Hero Academia Horikoshi Kohei Original Artwork Exhibition Figurine Deku Black Limited Edition 🌟,ส่งด่วน 7-12 วัน รับสินค้าตามระบบ,no,,2026-06-24
45954306493,🛒 [พรีออเดอร์🇯🇵] Happy Lottery TOM and JERRY FUNNY ART! 5 (แฮปปี้ลอตเตอรี่ ทอมแอนด์เจอร์รี่ ฟันนี่อาร์ต! ชุดที่ 5) 🎨🐱🐭,A10 A5 A14 Last one A3 B1 A20 A15 A1 A2 C3 A17 A4 A9 A6 D1 A13 A19 Grand C2 D3 A18 A12 A7 D2 A11 A16 C1 A8 B2,no,,2026-06-24
44381689424,🛒 [พรีออเดอร์🇯🇵] Ichiban Kui Jujutsu Kaisen ０ (มหาเวทย์ผนึกมาร) ล็อตใหม่ ของแท้จากญี่ปุ่น 💯,1,no,,2026-06-24
56704436452,🛒 [พรีออเดอร์🇯🇵] Ichiban Kuji ONE PIECE (วันพีซ) ป้าย Tobe continue– Dramatic Memories งานจับฉลากจากญี่ปุ่นแท้ 🇯🇵,ป้าย One piece ป้าย To be continue,no,,2026-06-24
50112186474,🛒 [พรีออเดอร์🇯🇵] Ichiban Kuji One Piece  Sculptor King Senor Pink ~With Love for Lucien~ (วันพีซ) ของแท้จากญี่ปุ่น 💯,B สีเข้มกว่า A สีอ่อนกว่า,no,,2026-06-24
58110673783,🛒 [พรีออเดอร์🇯🇵] Ichiban Kuji REBORN! แหวน รีบอร์น ล็อตใหม่ ของแท้จากญี่ปุ่น 💯,1 7 แรมโบ้ 4 6 แรมโบ้ 3 แรมโบ้ 2 4 แรมโบ้ 1 2 5 3,no,,2026-06-24
51059266945,🛒 [พรีออเดอร์🇯🇵] Ichiban Kuji Spring and Autumn Warring States… (คิงดอม จอมคนเจ้าแผ่นดิน) ล็อตใหม่ ของแท้จากญี่ปุ่น 💯,1 3 2 4 5 6,no,,2026-06-24
53352717293,🛒 [พรีออเดอร์🇯🇵] LUFFY’s – ONE PIECE BASE SHOP LIMITED (Logotype Ver.) | ลูฟี่ โลโก้ เวอร์ชันลิมิเต็ด  ✨ ไลน์ฟิกเกอร์ใหม,สี Base Shop 1/20,no,,2026-06-24
53606537315,🛒 [พรีออเดอร์🇯🇵] My Hero Academia ARTFX J – Izuku Midoriya Dark Deku Ver. (ดาร์คเดกุ) 1/8 Scale Figure,รับสินค้าตามระบบ ส่งด่วน 7-12 วัน,no,,2026-06-24
46152698185,🛒 [พรีออเดอร์🇯🇵] ONE PIECE BASE SHOP Lottery – 366 DAYS OF BIRTHDAYS | วันเกิดครบ 366 วัน งานจับฉลากวันพีช ของแท้,Comics Color BaseShop Color Full Color,no,,2026-06-24
51402712785,🛒 [พรีออเดอร์🇯🇵] ONE PIECE King of Artist – Luffy Gear 5 (BASE SHOP Color Ver.) | ลูฟี่ เกียร์ห้า สีพิเศษ,สี Base Shop,no,,2026-06-24
49552733177,🛒 [พรีออเดอร์🇯🇵] ONE PIECE SMSTD “KING” – Luffy Gear 5 | Super Master Stars Diorama (BASE SHOP Limited Edition)  ✨ ลูฟี่,สี Base Shop,no,,2026-06-24
48302732991,🛒 [พรีออเดอร์🇯🇵] ONE PIECE WCF – BASE SHOP Limited Edition | World Collectable Figure เวอร์ชันลิมิเต็ด วันพีช  ✨ ลิมิเต็,สี Base Shop,no,,2026-06-24
56756755532,🛒 [พรีออเดอร์🇯🇵] ONE PIECE × NBA | MASTER STARS PIECE LUFFY ฟิกเกอร์ ลูฟี่ NBA ลิขสิทธิ์แท้ญี่ปุ่น,MEMPHIS GRIZZLIES BOSTON CELTICS New york Knicks LOS ANGELES LAKERS GOLDEN STATE WARRIOR CHICAGO BULLS,no,,2026-06-24
55556314536,🛒 [พรีออเดอร์🇯🇵] อิจิบังคุจิ วันพีช การ์ดเกม | Ichiban Kuji ONE PIECE CARD GAME ของแท้ญี่ปุ่น,E2 C A D B1 B2 Last one E1,no,,2026-06-24
51804346629,🛒 [พรีออเดอร์🇯🇵]เหมาA Happy Lottery TOM and JERRY FUNNY ART! 5 (แฮปปี้ลอตเตอรี่ ทอมแอนด์เจอร์รี่ ฟันนี่อาร์ต! ชุดที่ 5),รับใบพรีก่อน,no,,2026-06-24
45951138789,🛒 [พรีออเดอร์🇯🇵]🚨โปเกมอนการ์ด MEGA Dream ex ชุดใหม่ล่าสุดจากญี่ปุ่น (Pokemon TCG Japanese Version),1 กล่อง,no,,2026-06-24
45403316667,🛒 [พร้อมส่ง🇯🇵] Pokémon Card Start Deck 100 Battle Collection — Deck เลขเด็ด (Charizard / Pikachu / SAR / สะสม),1 กล่อง,no,,2026-06-24
55505116519,🛒[พรีออเดอร์🇯🇵] Pokémon Card Game MEGA Expansion Pack Munikis Zero  โปเกมอน การ์ดเกม – มูนิกิส ซีโร่ (ภาษาญี่ปุ่นแท้),1 กล่อง,no,,2026-06-24
